{"funds": 93092.60009765625, "portfolio": {"TCS.NS": {"quantity": 2, "avg_price": 3453.699951171875, "total_spent": 6907.39990234375}}, "transactions": [{"Stock": "TCS.NS", "Type": "Buy", "Quantity": 2, "Price": 3453.699951171875, "Total": 6907.39990234375}]}