{"funds": 96353.24, "portfolio": {"TSLA": {"quantity": 13, "avg_price": 280.52, "total_spent": 3646.7599999999998}}, "transactions": [{"Stock": "TSLA", "Type": "Buy", "Quantity": 13, "Price": 280.52, "Total": 3646.7599999999998}]}